<?xml version="1.0" encoding="UTF-8" standalone="no"?>
<?fileVersion 4.0.0?>

<cproject storage_type_id="org.eclipse.cdt.core.XmlProjectDescriptionStorage">
<storageModule moduleId="org.eclipse.cdt.core.settings">
<cconfiguration id="avr32.managedbuild.config.gnu.exe.debug.618344773">
<storageModule buildSystemId="org.eclipse.cdt.managedbuilder.core.configurationDataProvider" id="avr32.managedbuild.config.gnu.exe.debug.618344773" moduleId="org.eclipse.cdt.core.settings" name="Debug">
<externalSettings/>
<extensions>
<extension id="org.eclipse.cdt.managedbuilder.core.ManagedBuildManager" point="org.eclipse.cdt.core.ScannerInfoProvider"/>
<extension id="com.atmel.avr.toolchain.avr32gcc.elf32-avr32" point="org.eclipse.cdt.core.BinaryParser"/>
<extension id="org.eclipse.cdt.core.GCCErrorParser" point="org.eclipse.cdt.core.ErrorParser"/>
<extension id="org.eclipse.cdt.core.GASErrorParser" point="org.eclipse.cdt.core.ErrorParser"/>
<extension id="org.eclipse.cdt.core.GLDErrorParser" point="org.eclipse.cdt.core.ErrorParser"/>
</extensions>
</storageModule>
<storageModule moduleId="cdtBuildSystem" version="4.0.0">
<configuration artifactName="wifi_dnld" buildArtefactType="org.eclipse.cdt.build.core.buildArtefactType.exe" buildProperties="org.eclipse.cdt.build.core.buildType=org.eclipse.cdt.build.core.buildType.debug,org.eclipse.cdt.build.core.buildArtefactType=org.eclipse.cdt.build.core.buildArtefactType.exe" cleanCommand="rm -rf" description="AVR32 Standalone debug configuration" id="avr32.managedbuild.config.gnu.exe.debug.618344773" name="Debug" parent="avr32.managedbuild.config.gnu.exe.debug">
<folderInfo id="avr32.managedbuild.config.gnu.exe.debug.618344773." name="/" resourcePath="">
<toolChain id="avr32.managedbuild.toolchain.gnu.exe.debug.874656193" name="32-bit AVR/GNU C/C++ Toolchain" superClass="avr32.managedbuild.toolchain.gnu.exe.debug">
<targetPlatform id="avr32.managedbuild.target.gnu.platform.exe.debug.909801431" name="%PlatformName.Dbg" superClass="avr32.managedbuild.target.gnu.platform.exe.debug"/>
<builder buildPath="${workspace_loc:/wifi_dnld/Debug}" id="avr32.managedbuild.target.gnu.builder.exe.debug.1715478179" keepEnvironmentInBuildfile="false" name="CDT Internal Builder" superClass="avr32.managedbuild.target.gnu.builder.exe.debug"/>
<tool id="avr32.managedbuild.tool.gnu.archiver.exe.debug.382668879" name="32-bit AVR/GNU Archiver" superClass="avr32.managedbuild.tool.gnu.archiver.exe.debug"/>
<tool id="avr32.managedbuild.tool.gnu.cpp.compiler.exe.debug.1606873657" name="32-bit AVR/GNU C++ Compiler" superClass="avr32.managedbuild.tool.gnu.cpp.compiler.exe.debug">
<option id="gnu.cpp.compiler.option.optimization.level.181942560" name="Optimization Level" superClass="gnu.cpp.compiler.option.optimization.level" value="gnu.cpp.compiler.optimization.level.none" valueType="enumerated"/>
<option id="gnu.cpp.compiler.option.debugging.level.333188277" name="Debug Level" superClass="gnu.cpp.compiler.option.debugging.level" value="gnu.cpp.compiler.debugging.level.max" valueType="enumerated"/>
<option id="avr32.cpp.compiler.option.mcu.853647015" name="Microcontroller Unit" superClass="avr32.cpp.compiler.option.mcu" value="-mpart=uc3a1256" valueType="string"/>
<option id="gnu.cpp.compiler.option.include.paths.1415771519" name="Include paths (-I)" superClass="gnu.cpp.compiler.option.include.paths" valueType="includePath">
<listOptionValue builtIn="false" value="../src/SOFTWARE_FRAMEWORK/UTILS/DEBUG"/>
<listOptionValue builtIn="false" value="../src/SOFTWARE_FRAMEWORK/SERVICES/MEMORY/CTRL_ACCESS"/>
<listOptionValue builtIn="false" value="../src/CONFIG"/>
<listOptionValue builtIn="false" value="../src/SOFTWARE_FRAMEWORK/COMPONENTS/MEMORY/DATA_FLASH/AT45DBX"/>
<listOptionValue builtIn="false" value="../src/SOFTWARE_FRAMEWORK/DRIVERS/USART"/>
<listOptionValue builtIn="false" value="../src/SOFTWARE_FRAMEWORK/DRIVERS/SPI"/>
<listOptionValue builtIn="false" value="../src/SOFTWARE_FRAMEWORK/DRIVERS/PM"/>
<listOptionValue builtIn="false" value="../src/SOFTWARE_FRAMEWORK/DRIVERS/GPIO"/>
<listOptionValue builtIn="false" value="../src/SOFTWARE_FRAMEWORK/DRIVERS/FLASHC"/>
<listOptionValue builtIn="false" value="../src/SOFTWARE_FRAMEWORK/UTILS/LIBS/NEWLIB_ADDONS/INCLUDE"/>
<listOptionValue builtIn="false" value="../src/SOFTWARE_FRAMEWORK/UTILS/PREPROCESSOR"/>
<listOptionValue builtIn="false" value="../src/SOFTWARE_FRAMEWORK/UTILS"/>
<listOptionValue builtIn="false" value="../src/SOFTWARE_FRAMEWORK/DRIVERS/INTC"/>
</option>
<option id="avr32.cpp.compiler.option.flashvault.1838882229" name="Enable FlashVault support" superClass="avr32.cpp.compiler.option.flashvault" value="false" valueType="boolean"/>
</tool>
<tool id="avr32.managedbuild.tool.gnu.c.compiler.exe.debug.468457615" name="32-bit AVR/GNU C Compiler" superClass="avr32.managedbuild.tool.gnu.c.compiler.exe.debug">
<option defaultValue="gnu.c.optimization.level.none" id="gnu.c.compiler.option.optimization.level.26008628" name="Optimization Level" superClass="gnu.c.compiler.option.optimization.level" valueType="enumerated"/>
<option id="gnu.c.compiler.option.debugging.level.259665554" name="Debug Level" superClass="gnu.c.compiler.option.debugging.level" value="gnu.c.debugging.level.max" valueType="enumerated"/>
<option id="avr32.c.compiler.option.mcu.1201151349" name="Microcontroller Unit" superClass="avr32.c.compiler.option.mcu" value="-mpart=uc3a1256" valueType="string"/>
<option id="gnu.c.compiler.option.optimization.flags.686407260" name="Other optimization flags" superClass="gnu.c.compiler.option.optimization.flags" value="-fdata-sections" valueType="string"/>
<option id="gnu.c.compiler.option.preprocessor.def.symbols.2029598871" name="Defined symbols (-D)" superClass="gnu.c.compiler.option.preprocessor.def.symbols" valueType="definedSymbols">
<listOptionValue builtIn="false" value="BOARD=ARDUINO"/>
</option>
<option id="gnu.c.compiler.option.include.paths.1842586158" name="Include paths (-I)" superClass="gnu.c.compiler.option.include.paths" valueType="includePath">
<listOptionValue builtIn="false" value="../src/SOFTWARE_FRAMEWORK/UTILS/DEBUG"/>
<listOptionValue builtIn="false" value="../src/SOFTWARE_FRAMEWORK/SERVICES/MEMORY/CTRL_ACCESS"/>
<listOptionValue builtIn="false" value="../src/CONFIG"/>
<listOptionValue builtIn="false" value="../src/SOFTWARE_FRAMEWORK/COMPONENTS/MEMORY/DATA_FLASH/AT45DBX"/>
<listOptionValue builtIn="false" value="../src/SOFTWARE_FRAMEWORK/DRIVERS/USART"/>
<listOptionValue builtIn="false" value="../src/SOFTWARE_FRAMEWORK/DRIVERS/SPI"/>
<listOptionValue builtIn="false" value="../src/SOFTWARE_FRAMEWORK/DRIVERS/PM"/>
<listOptionValue builtIn="false" value="../src/SOFTWARE_FRAMEWORK/DRIVERS/GPIO"/>
<listOptionValue builtIn="false" value="../src/SOFTWARE_FRAMEWORK/DRIVERS/FLASHC"/>
<listOptionValue builtIn="false" value="../src/SOFTWARE_FRAMEWORK/UTILS/LIBS/NEWLIB_ADDONS/INCLUDE"/>
<listOptionValue builtIn="false" value="../src/SOFTWARE_FRAMEWORK/UTILS/PREPROCESSOR"/>
<listOptionValue builtIn="false" value="../src/SOFTWARE_FRAMEWORK/UTILS"/>
<listOptionValue builtIn="false" value="../src/SOFTWARE_FRAMEWORK/DRIVERS/INTC"/>
<listOptionValue builtIn="false" value="../src/SOFTWARE_FRAMEWORK/BOARDS"/>
<listOptionValue builtIn="false" value="../src"/>
</option>
<option id="avr32.c.compiler.option.flashvault.1772536800" name="Enable FlashVault support" superClass="avr32.c.compiler.option.flashvault" value="false" valueType="boolean"/>
<inputType id="avr32.managedbuild.tool.gnu.c.compiler.input.1816670662" superClass="avr32.managedbuild.tool.gnu.c.compiler.input"/>
</tool>
<tool id="avr32.managedbuild.tool.gnu.c.linker.exe.debug.681608330" name="32-bit AVR/GNU C Linker" superClass="avr32.managedbuild.tool.gnu.c.linker.exe.debug">
<option id="avr32.c.linker.option.mcu.406721254" name="Microcontroller Unit" superClass="avr32.c.linker.option.mcu" value="-mpart=uc3a1256" valueType="string"/>
<option id="gnu.c.link.option.nostart.834549918" name="Do not use standard start files (-nostartfiles)" superClass="gnu.c.link.option.nostart" value="true" valueType="boolean"/>
<option id="gnu.c.link.option.ldflags.1902664612" name="Linker flags" superClass="gnu.c.link.option.ldflags" value="-Wl,--gc-sections -Wl,-e,_trampoline -T../src/SOFTWARE_FRAMEWORK/UTILS/LINKER_SCRIPTS/AT32UC3A/1256/GCC/link_uc3a1256.lds" valueType="string"/>
<option id="gnu.c.link.option.paths.450454804" name="Library search path (-L)" superClass="gnu.c.link.option.paths" valueType="libPaths">
<listOptionValue builtIn="false" value="../src/SOFTWARE_FRAMEWORK/UTILS/LIBS/NEWLIB_ADDONS"/>
<listOptionValue builtIn="false" value="../src/SOFTWARE_FRAMEWORK/BOARDS"/>
</option>
<option id="gnu.c.link.option.libs.767799431" name="Libraries (-l)" superClass="gnu.c.link.option.libs" valueType="libs">
<listOptionValue builtIn="false" value="newlib_addons-at32ucr2-speed_opt"/>
</option>
<inputType id="cdt.managedbuild.tool.gnu.c.linker.input.1957795482" superClass="cdt.managedbuild.tool.gnu.c.linker.input">
<additionalInput kind="additionalinputdependency" paths="$(USER_OBJS)"/>
<additionalInput kind="additionalinput" paths="$(LIBS)"/>
</inputType>
</tool>
<tool id="avr32.managedbuild.tool.gnu.cpp.linker.exe.debug.2130683587" name="32-bit AVR/GNU C++ Linker" superClass="avr32.managedbuild.tool.gnu.cpp.linker.exe.debug">
<option id="avr32.cpp.linker.option.mcu.1314062001" name="Microcontroller Unit" superClass="avr32.cpp.linker.option.mcu" value="-mpart=uc3a1256" valueType="string"/>
<option id="gnu.cpp.link.option.libs.418456932" name="Libraries (-l)" superClass="gnu.cpp.link.option.libs" valueType="libs">
<listOptionValue builtIn="false" value="newlib_addons-at32ucr2-speed_opt"/>
</option>
<option id="gnu.cpp.link.option.paths.2113734099" name="Library search path (-L)" superClass="gnu.cpp.link.option.paths" valueType="libPaths">
<listOptionValue builtIn="false" value="../src/SOFTWARE_FRAMEWORK/UTILS/LIBS/NEWLIB_ADDONS"/>
</option>
</tool>
<tool id="avr32.managedbuild.tool.gnu.assembler.exe.debug.1502006803" name="32-bit AVR/GNU Assembler" superClass="avr32.managedbuild.tool.gnu.assembler.exe.debug">
<option id="avr32.both.asm.option.debugging.level.612232148" name="Debug Level" superClass="avr32.both.asm.option.debugging.level" value="avr32.both.asm.debugging.level.max" valueType="enumerated"/>
<option id="avr32.both.asm.option.mcu.211813638" name="Microcontroller Unit" superClass="avr32.both.asm.option.mcu" value="-mpart=uc3a1256" valueType="string"/>
<option id="gnu.both.asm.option.include.paths.1549891082" name="Include paths (-I)" superClass="gnu.both.asm.option.include.paths" valueType="includePath">
<listOptionValue builtIn="false" value="../src/SOFTWARE_FRAMEWORK/UTILS/DEBUG"/>
<listOptionValue builtIn="false" value="../src/SOFTWARE_FRAMEWORK/SERVICES/MEMORY/CTRL_ACCESS"/>
<listOptionValue builtIn="false" value="../src/CONFIG"/>
<listOptionValue builtIn="false" value="../src/SOFTWARE_FRAMEWORK/COMPONENTS/MEMORY/DATA_FLASH/AT45DBX"/>
<listOptionValue builtIn="false" value="../src/SOFTWARE_FRAMEWORK/DRIVERS/USART"/>
<listOptionValue builtIn="false" value="../src/SOFTWARE_FRAMEWORK/DRIVERS/SPI"/>
<listOptionValue builtIn="false" value="../src/SOFTWARE_FRAMEWORK/DRIVERS/PM"/>
<listOptionValue builtIn="false" value="../src/SOFTWARE_FRAMEWORK/DRIVERS/GPIO"/>
<listOptionValue builtIn="false" value="../src/SOFTWARE_FRAMEWORK/DRIVERS/FLASHC"/>
<listOptionValue builtIn="false" value="../src/SOFTWARE_FRAMEWORK/UTILS/LIBS/NEWLIB_ADDONS/INCLUDE"/>
<listOptionValue builtIn="false" value="../src/SOFTWARE_FRAMEWORK/UTILS/PREPROCESSOR"/>
<listOptionValue builtIn="false" value="../src/SOFTWARE_FRAMEWORK/UTILS"/>
<listOptionValue builtIn="false" value="../src/SOFTWARE_FRAMEWORK/DRIVERS/INTC"/>
<listOptionValue builtIn="false" value="../src/SOFTWARE_FRAMEWORK/BOARDS"/>
</option>
</tool>
<tool id="avr32.managedbuild.tool.gnu.preprocessor.exe.debug.1062481241" name="32-bit AVR/GNU Preprocessing Assembler" superClass="avr32.managedbuild.tool.gnu.preprocessor.exe.debug">
<option id="avr32.both.preprocessor.option.debugging.level.863609472" name="Debug Level" superClass="avr32.both.preprocessor.option.debugging.level" value="avr32.both.preprocessor.debugging.level.max" valueType="enumerated"/>
<option id="avr32.both.preprocessor.option.mcu.565918885" name="Microcontroller Unit" superClass="avr32.both.preprocessor.option.mcu" value="-mpart=uc3a1256" valueType="string"/>
<option id="avr32.both.preprocessor.option.flags.1172892380" name="Assembler flags" superClass="avr32.both.preprocessor.option.flags" value="-Wa,-g" valueType="string"/>
<option id="avr32.both.preprocessor.option.paths.320260505" name="Include paths (-I)" superClass="avr32.both.preprocessor.option.paths" valueType="includePath">
<listOptionValue builtIn="false" value="../src/SOFTWARE_FRAMEWORK/UTILS/DEBUG"/>
<listOptionValue builtIn="false" value="../src/SOFTWARE_FRAMEWORK/SERVICES/MEMORY/CTRL_ACCESS"/>
<listOptionValue builtIn="false" value="../src/CONFIG"/>
<listOptionValue builtIn="false" value="../src/SOFTWARE_FRAMEWORK/COMPONENTS/MEMORY/DATA_FLASH/AT45DBX"/>
<listOptionValue builtIn="false" value="../src/SOFTWARE_FRAMEWORK/DRIVERS/USART"/>
<listOptionValue builtIn="false" value="../src/SOFTWARE_FRAMEWORK/DRIVERS/SPI"/>
<listOptionValue builtIn="false" value="../src/SOFTWARE_FRAMEWORK/DRIVERS/PM"/>
<listOptionValue builtIn="false" value="../src/SOFTWARE_FRAMEWORK/DRIVERS/GPIO"/>
<listOptionValue builtIn="false" value="../src/SOFTWARE_FRAMEWORK/DRIVERS/FLASHC"/>
<listOptionValue builtIn="false" value="../src/SOFTWARE_FRAMEWORK/UTILS/LIBS/NEWLIB_ADDONS/INCLUDE"/>
<listOptionValue builtIn="false" value="../src/SOFTWARE_FRAMEWORK/UTILS/PREPROCESSOR"/>
<listOptionValue builtIn="false" value="../src/SOFTWARE_FRAMEWORK/UTILS"/>
<listOptionValue builtIn="false" value="../src/SOFTWARE_FRAMEWORK/DRIVERS/INTC"/>
<listOptionValue builtIn="false" value="../src/SOFTWARE_FRAMEWORK/BOARDS"/>
</option>
<inputType id="avr32.managedbuild.tool.gnu.preprocessor.input.609982404" superClass="avr32.managedbuild.tool.gnu.preprocessor.input"/>
</tool>
</toolChain>
</folderInfo>
<sourceEntries>
<entry excluding="SOFTWARE_FRAMEWORK/BOARDS/EVK1105" flags="VALUE_WORKSPACE_PATH|RESOLVED" kind="sourcePath" name="src"/>
</sourceEntries>
</configuration>
</storageModule>
<storageModule moduleId="scannerConfiguration">
<autodiscovery enabled="true" problemReportingEnabled="true" selectedProfileId="org.eclipse.cdt.make.core.GCCStandardMakePerProjectProfile"/>
<profile id="com.atmel.avr32.debug.AVR32ManagedMakePerProjectProfileC">
<buildOutputProvider>
<openAction enabled="true" filePath=""/>
<parser enabled="true"/>
</buildOutputProvider>
<scannerInfoProvider id="specsFile">
<runAction arguments="-mpart=${part} -E -P -v -dD ${plugin_state_location}/${specs_file}" command="avr32-gcc" useDefault="true"/>
<parser enabled="true"/>
</scannerInfoProvider>
</profile>
<profile id="com.atmel.avr32.debug.AVR32ManagedMakePerProjectProfileCPP">
<buildOutputProvider>
<openAction enabled="true" filePath=""/>
<parser enabled="true"/>
</buildOutputProvider>
<scannerInfoProvider id="specsFile">
<runAction arguments="-mpart=${part} -E -P -v -dD ${plugin_state_location}/${specs_file}" command="avr32-g++" useDefault="true"/>
<parser enabled="true"/>
</scannerInfoProvider>
</profile>
<profile id="com.atmel.avr32.debug.AVR32LinuxManagedMakePerProjectProfileC">
<buildOutputProvider>
<openAction enabled="true" filePath=""/>
<parser enabled="true"/>
</buildOutputProvider>
<scannerInfoProvider id="specsFile">
<runAction arguments="-mpart=${part} -E -P -v -dD ${plugin_state_location}/${specs_file}" command="avr32-linux-gcc" useDefault="true"/>
<parser enabled="true"/>
</scannerInfoProvider>
</profile>
<profile id="com.atmel.avr32.debug.AVR32LinuxManagedMakePerProjectProfileCPP">
<buildOutputProvider>
<openAction enabled="true" filePath=""/>
<parser enabled="true"/>
</buildOutputProvider>
<scannerInfoProvider id="specsFile">
<runAction arguments="-mpart=${part} -E -P -v -dD ${plugin_state_location}/${specs_file}" command="avr32-linux-g++" useDefault="true"/>
<parser enabled="true"/>
</scannerInfoProvider>
</profile>
<profile id="com.atmel.avr32.debug.AVR32StandardMakePerProjectProfileC">
<buildOutputProvider>
<openAction enabled="true" filePath=""/>
<parser enabled="true"/>
</buildOutputProvider>
<scannerInfoProvider id="specsFile">
<runAction arguments="-mpart=${part} -E -P -v -dD ${plugin_state_location}/${specs_file}" command="avr32-gcc" useDefault="true"/>
<parser enabled="true"/>
</scannerInfoProvider>
</profile>
<profile id="com.atmel.avr32.debug.AVR32StandardMakePerProjectProfileCPP">
<buildOutputProvider>
<openAction enabled="true" filePath=""/>
<parser enabled="true"/>
</buildOutputProvider>
<scannerInfoProvider id="specsFile">
<runAction arguments="-mpart=${part} -E -P -v -dD ${plugin_state_location}/${specs_file}" command="avr32-g++" useDefault="true"/>
<parser enabled="true"/>
</scannerInfoProvider>
</profile>
<profile id="com.atmel.avr32.debug.AVR32LinuxStandardMakePerProjectProfileC">
<buildOutputProvider>
<openAction enabled="true" filePath=""/>
<parser enabled="true"/>
</buildOutputProvider>
<scannerInfoProvider id="specsFile">
<runAction arguments="-mpart=${part} -E -P -v -dD ${plugin_state_location}/${specs_file}" command="avr32-linux-gcc" useDefault="true"/>
<parser enabled="true"/>
</scannerInfoProvider>
</profile>
<profile id="com.atmel.avr32.debug.AVR32LinuxStandardMakePerProjectProfileCPP">
<buildOutputProvider>
<openAction enabled="true" filePath=""/>
<parser enabled="true"/>
</buildOutputProvider>
<scannerInfoProvider id="specsFile">
<runAction arguments="-mpart=${part} -E -P -v -dD ${plugin_state_location}/${specs_file}" command="avr32-linux-g++" useDefault="true"/>
<parser enabled="true"/>
</scannerInfoProvider>
</profile>
<profile id="org.eclipse.cdt.make.core.GCCStandardMakePerProjectProfile">
<buildOutputProvider>
<openAction enabled="true" filePath=""/>
<parser enabled="true"/>
</buildOutputProvider>
<scannerInfoProvider id="specsFile">
<runAction arguments="-E -P -v -dD ${plugin_state_location}/${specs_file}" command="gcc" useDefault="true"/>
<parser enabled="true"/>
</scannerInfoProvider>
</profile>
<profile id="org.eclipse.cdt.make.core.GCCStandardMakePerFileProfile">
<buildOutputProvider>
<openAction enabled="true" filePath=""/>
<parser enabled="true"/>
</buildOutputProvider>
<scannerInfoProvider id="makefileGenerator">
<runAction arguments="-f ${project_name}_scd.mk" command="make" useDefault="true"/>
<parser enabled="true"/>
</scannerInfoProvider>
</profile>
<profile id="org.eclipse.cdt.managedbuilder.core.GCCManagedMakePerProjectProfile">
<buildOutputProvider>
<openAction enabled="true" filePath=""/>
<parser enabled="true"/>
</buildOutputProvider>
<scannerInfoProvider id="specsFile">
<runAction arguments="-E -P -v -dD ${plugin_state_location}/${specs_file}" command="gcc" useDefault="true"/>
<parser enabled="true"/>
</scannerInfoProvider>
</profile>
<profile id="org.eclipse.cdt.managedbuilder.core.GCCManagedMakePerProjectProfileCPP">
<buildOutputProvider>
<openAction enabled="true" filePath=""/>
<parser enabled="true"/>
</buildOutputProvider>
<scannerInfoProvider id="specsFile">
<runAction arguments="-E -P -v -dD ${plugin_state_location}/specs.cpp" command="g++" useDefault="true"/>
<parser enabled="true"/>
</scannerInfoProvider>
</profile>
<profile id="org.eclipse.cdt.managedbuilder.core.GCCManagedMakePerProjectProfileC">
<buildOutputProvider>
<openAction enabled="true" filePath=""/>
<parser enabled="true"/>
</buildOutputProvider>
<scannerInfoProvider id="specsFile">
<runAction arguments="-E -P -v -dD ${plugin_state_location}/specs.c" command="gcc" useDefault="true"/>
<parser enabled="true"/>
</scannerInfoProvider>
</profile>
<profile id="org.eclipse.cdt.managedbuilder.core.GCCWinManagedMakePerProjectProfile">
<buildOutputProvider>
<openAction enabled="true" filePath=""/>
<parser enabled="true"/>
</buildOutputProvider>
<scannerInfoProvider id="specsFile">
<runAction arguments="-c 'gcc -E -P -v -dD &quot;${plugin_state_location}/${specs_file}&quot;'" command="sh" useDefault="true"/>
<parser enabled="true"/>
</scannerInfoProvider>
</profile>
<profile id="org.eclipse.cdt.managedbuilder.core.GCCWinManagedMakePerProjectProfileCPP">
<buildOutputProvider>
<openAction enabled="true" filePath=""/>
<parser enabled="true"/>
</buildOutputProvider>
<scannerInfoProvider id="specsFile">
<runAction arguments="-c 'g++ -E -P -v -dD &quot;${plugin_state_location}/specs.cpp&quot;'" command="sh" useDefault="true"/>
<parser enabled="true"/>
</scannerInfoProvider>
</profile>
<profile id="org.eclipse.cdt.managedbuilder.core.GCCWinManagedMakePerProjectProfileC">
<buildOutputProvider>
<openAction enabled="true" filePath=""/>
<parser enabled="true"/>
</buildOutputProvider>
<scannerInfoProvider id="specsFile">
<runAction arguments="-c 'gcc -E -P -v -dD &quot;${plugin_state_location}/specs.c&quot;'" command="sh" useDefault="true"/>
<parser enabled="true"/>
</scannerInfoProvider>
</profile>
<scannerConfigBuildInfo instanceId="avr32.managedbuild.config.gnu.exe.release.657878227;avr32.managedbuild.config.gnu.exe.release.657878227.;avr32.managedbuild.tool.gnu.c.compiler.exe.release.1756143675;avr32.managedbuild.tool.gnu.c.compiler.input.1828784431">
<autodiscovery enabled="true" problemReportingEnabled="true" selectedProfileId="com.atmel.avr32.debug.AVR32ManagedMakePerProjectProfileC"/>
<profile id="com.atmel.avr32.debug.AVR32ManagedMakePerProjectProfileC">
<buildOutputProvider>
<openAction enabled="true" filePath=""/>
<parser enabled="true"/>
</buildOutputProvider>
<scannerInfoProvider id="specsFile">
<runAction arguments="-mpart=${part} -E -P -v -dD ${plugin_state_location}/${specs_file}" command="avr32-gcc" useDefault="true"/>
<parser enabled="true"/>
</scannerInfoProvider>
</profile>
<profile id="com.atmel.avr32.debug.AVR32ManagedMakePerProjectProfileCPP">
<buildOutputProvider>
<openAction enabled="true" filePath=""/>
<parser enabled="true"/>
</buildOutputProvider>
<scannerInfoProvider id="specsFile">
<runAction arguments="-mpart=${part} -E -P -v -dD ${plugin_state_location}/${specs_file}" command="avr32-g++" useDefault="true"/>
<parser enabled="true"/>
</scannerInfoProvider>
</profile>
<profile id="com.atmel.avr32.debug.AVR32LinuxManagedMakePerProjectProfileC">
<buildOutputProvider>
<openAction enabled="true" filePath=""/>
<parser enabled="true"/>
</buildOutputProvider>
<scannerInfoProvider id="specsFile">
<runAction arguments="-mpart=${part} -E -P -v -dD ${plugin_state_location}/${specs_file}" command="avr32-linux-gcc" useDefault="true"/>
<parser enabled="true"/>
</scannerInfoProvider>
</profile>
<profile id="com.atmel.avr32.debug.AVR32LinuxManagedMakePerProjectProfileCPP">
<buildOutputProvider>
<openAction enabled="true" filePath=""/>
<parser enabled="true"/>
</buildOutputProvider>
<scannerInfoProvider id="specsFile">
<runAction arguments="-mpart=${part} -E -P -v -dD ${plugin_state_location}/${specs_file}" command="avr32-linux-g++" useDefault="true"/>
<parser enabled="true"/>
</scannerInfoProvider>
</profile>
<profile id="com.atmel.avr32.debug.AVR32StandardMakePerProjectProfileC">
<buildOutputProvider>
<openAction enabled="true" filePath=""/>
<parser enabled="true"/>
</buildOutputProvider>
<scannerInfoProvider id="specsFile">
<runAction arguments="-mpart=${part} -E -P -v -dD ${plugin_state_location}/${specs_file}" command="avr32-gcc" useDefault="true"/>
<parser enabled="true"/>
</scannerInfoProvider>
</profile>
<profile id="com.atmel.avr32.debug.AVR32StandardMakePerProjectProfileCPP">
<buildOutputProvider>
<openAction enabled="true" filePath=""/>
<parser enabled="true"/>
</buildOutputProvider>
<scannerInfoProvider id="specsFile">
<runAction arguments="-mpart=${part} -E -P -v -dD ${plugin_state_location}/${specs_file}" command="avr32-g++" useDefault="true"/>
<parser enabled="true"/>
</scannerInfoProvider>
</profile>
<profile id="com.atmel.avr32.debug.AVR32LinuxStandardMakePerProjectProfileC">
<buildOutputProvider>
<openAction enabled="true" filePath=""/>
<parser enabled="true"/>
</buildOutputProvider>
<scannerInfoProvider id="specsFile">
<runAction arguments="-mpart=${part} -E -P -v -dD ${plugin_state_location}/${specs_file}" command="avr32-linux-gcc" useDefault="true"/>
<parser enabled="true"/>
</scannerInfoProvider>
</profile>
<profile id="com.atmel.avr32.debug.AVR32LinuxStandardMakePerProjectProfileCPP">
<buildOutputProvider>
<openAction enabled="true" filePath=""/>
<parser enabled="true"/>
</buildOutputProvider>
<scannerInfoProvider id="specsFile">
<runAction arguments="-mpart=${part} -E -P -v -dD ${plugin_state_location}/${specs_file}" command="avr32-linux-g++" useDefault="true"/>
<parser enabled="true"/>
</scannerInfoProvider>
</profile>
<profile id="org.eclipse.cdt.make.core.GCCStandardMakePerProjectProfile">
<buildOutputProvider>
<openAction enabled="true" filePath=""/>
<parser enabled="true"/>
</buildOutputProvider>
<scannerInfoProvider id="specsFile">
<runAction arguments="-E -P -v -dD ${plugin_state_location}/${specs_file}" command="gcc" useDefault="true"/>
<parser enabled="true"/>
</scannerInfoProvider>
</profile>
<profile id="org.eclipse.cdt.make.core.GCCStandardMakePerFileProfile">
<buildOutputProvider>
<openAction enabled="true" filePath=""/>
<parser enabled="true"/>
</buildOutputProvider>
<scannerInfoProvider id="makefileGenerator">
<runAction arguments="-f ${project_name}_scd.mk" command="make" useDefault="true"/>
<parser enabled="true"/>
</scannerInfoProvider>
</profile>
<profile id="org.eclipse.cdt.managedbuilder.core.GCCManagedMakePerProjectProfile">
<buildOutputProvider>
<openAction enabled="true" filePath=""/>
<parser enabled="true"/>
</buildOutputProvider>
<scannerInfoProvider id="specsFile">
<runAction arguments="-E -P -v -dD ${plugin_state_location}/${specs_file}" command="gcc" useDefault="true"/>
<parser enabled="true"/>
</scannerInfoProvider>
</profile>
<profile id="org.eclipse.cdt.managedbuilder.core.GCCManagedMakePerProjectProfileCPP">
<buildOutputProvider>
<openAction enabled="true" filePath=""/>
<parser enabled="true"/>
</buildOutputProvider>
<scannerInfoProvider id="specsFile">
<runAction arguments="-E -P -v -dD ${plugin_state_location}/specs.cpp" command="g++" useDefault="true"/>
<parser enabled="true"/>
</scannerInfoProvider>
</profile>
<profile id="org.eclipse.cdt.managedbuilder.core.GCCManagedMakePerProjectProfileC">
<buildOutputProvider>
<openAction enabled="true" filePath=""/>
<parser enabled="true"/>
</buildOutputProvider>
<scannerInfoProvider id="specsFile">
<runAction arguments="-E -P -v -dD ${plugin_state_location}/specs.c" command="gcc" useDefault="true"/>
<parser enabled="true"/>
</scannerInfoProvider>
</profile>
<profile id="org.eclipse.cdt.managedbuilder.core.GCCWinManagedMakePerProjectProfile">
<buildOutputProvider>
<openAction enabled="true" filePath=""/>
<parser enabled="true"/>
</buildOutputProvider>
<scannerInfoProvider id="specsFile">
<runAction arguments="-c 'gcc -E -P -v -dD &quot;${plugin_state_location}/${specs_file}&quot;'" command="sh" useDefault="true"/>
<parser enabled="true"/>
</scannerInfoProvider>
</profile>
<profile id="org.eclipse.cdt.managedbuilder.core.GCCWinManagedMakePerProjectProfileCPP">
<buildOutputProvider>
<openAction enabled="true" filePath=""/>
<parser enabled="true"/>
</buildOutputProvider>
<scannerInfoProvider id="specsFile">
<runAction arguments="-c 'g++ -E -P -v -dD &quot;${plugin_state_location}/specs.cpp&quot;'" command="sh" useDefault="true"/>
<parser enabled="true"/>
</scannerInfoProvider>
</profile>
<profile id="org.eclipse.cdt.managedbuilder.core.GCCWinManagedMakePerProjectProfileC">
<buildOutputProvider>
<openAction enabled="true" filePath=""/>
<parser enabled="true"/>
</buildOutputProvider>
<scannerInfoProvider id="specsFile">
<runAction arguments="-c 'gcc -E -P -v -dD &quot;${plugin_state_location}/specs.c&quot;'" command="sh" useDefault="true"/>
<parser enabled="true"/>
</scannerInfoProvider>
</profile>
</scannerConfigBuildInfo>
<scannerConfigBuildInfo instanceId="avr32.managedbuild.config.gnu.exe.debug.618344773;avr32.managedbuild.config.gnu.exe.debug.618344773.;avr32.managedbuild.tool.gnu.c.compiler.exe.debug.468457615;avr32.managedbuild.tool.gnu.c.compiler.input.1816670662">
<autodiscovery enabled="true" problemReportingEnabled="true" selectedProfileId="com.atmel.avr32.debug.AVR32ManagedMakePerProjectProfileC"/>
<profile id="com.atmel.avr32.debug.AVR32ManagedMakePerProjectProfileC">
<buildOutputProvider>
<openAction enabled="true" filePath=""/>
<parser enabled="true"/>
</buildOutputProvider>
<scannerInfoProvider id="specsFile">
<runAction arguments="-mpart=${part} -E -P -v -dD ${plugin_state_location}/${specs_file}" command="avr32-gcc" useDefault="true"/>
<parser enabled="true"/>
</scannerInfoProvider>
</profile>
<profile id="com.atmel.avr32.debug.AVR32ManagedMakePerProjectProfileCPP">
<buildOutputProvider>
<openAction enabled="true" filePath=""/>
<parser enabled="true"/>
</buildOutputProvider>
<scannerInfoProvider id="specsFile">
<runAction arguments="-mpart=${part} -E -P -v -dD ${plugin_state_location}/${specs_file}" command="avr32-g++" useDefault="true"/>
<parser enabled="true"/>
</scannerInfoProvider>
</profile>
<profile id="com.atmel.avr32.debug.AVR32LinuxManagedMakePerProjectProfileC">
<buildOutputProvider>
<openAction enabled="true" filePath=""/>
<parser enabled="true"/>
</buildOutputProvider>
<scannerInfoProvider id="specsFile">
<runAction arguments="-mpart=${part} -E -P -v -dD ${plugin_state_location}/${specs_file}" command="avr32-linux-gcc" useDefault="true"/>
<parser enabled="true"/>
</scannerInfoProvider>
</profile>
<profile id="com.atmel.avr32.debug.AVR32LinuxManagedMakePerProjectProfileCPP">
<buildOutputProvider>
<openAction enabled="true" filePath=""/>
<parser enabled="true"/>
</buildOutputProvider>
<scannerInfoProvider id="specsFile">
<runAction arguments="-mpart=${part} -E -P -v -dD ${plugin_state_location}/${specs_file}" command="avr32-linux-g++" useDefault="true"/>
<parser enabled="true"/>
</scannerInfoProvider>
</profile>
<profile id="com.atmel.avr32.debug.AVR32StandardMakePerProjectProfileC">
<buildOutputProvider>
<openAction enabled="true" filePath=""/>
<parser enabled="true"/>
</buildOutputProvider>
<scannerInfoProvider id="specsFile">
<runAction arguments="-mpart=${part} -E -P -v -dD ${plugin_state_location}/${specs_file}" command="avr32-gcc" useDefault="true"/>
<parser enabled="true"/>
</scannerInfoProvider>
</profile>
<profile id="com.atmel.avr32.debug.AVR32StandardMakePerProjectProfileCPP">
<buildOutputProvider>
<openAction enabled="true" filePath=""/>
<parser enabled="true"/>
</buildOutputProvider>
<scannerInfoProvider id="specsFile">
<runAction arguments="-mpart=${part} -E -P -v -dD ${plugin_state_location}/${specs_file}" command="avr32-g++" useDefault="true"/>
<parser enabled="true"/>
</scannerInfoProvider>
</profile>
<profile id="com.atmel.avr32.debug.AVR32LinuxStandardMakePerProjectProfileC">
<buildOutputProvider>
<openAction enabled="true" filePath=""/>
<parser enabled="true"/>
</buildOutputProvider>
<scannerInfoProvider id="specsFile">
<runAction arguments="-mpart=${part} -E -P -v -dD ${plugin_state_location}/${specs_file}" command="avr32-linux-gcc" useDefault="true"/>
<parser enabled="true"/>
</scannerInfoProvider>
</profile>
<profile id="com.atmel.avr32.debug.AVR32LinuxStandardMakePerProjectProfileCPP">
<buildOutputProvider>
<openAction enabled="true" filePath=""/>
<parser enabled="true"/>
</buildOutputProvider>
<scannerInfoProvider id="specsFile">
<runAction arguments="-mpart=${part} -E -P -v -dD ${plugin_state_location}/${specs_file}" command="avr32-linux-g++" useDefault="true"/>
<parser enabled="true"/>
</scannerInfoProvider>
</profile>
<profile id="org.eclipse.cdt.make.core.GCCStandardMakePerProjectProfile">
<buildOutputProvider>
<openAction enabled="true" filePath=""/>
<parser enabled="true"/>
</buildOutputProvider>
<scannerInfoProvider id="specsFile">
<runAction arguments="-E -P -v -dD ${plugin_state_location}/${specs_file}" command="gcc" useDefault="true"/>
<parser enabled="true"/>
</scannerInfoProvider>
</profile>
<profile id="org.eclipse.cdt.make.core.GCCStandardMakePerFileProfile">
<buildOutputProvider>
<openAction enabled="true" filePath=""/>
<parser enabled="true"/>
</buildOutputProvider>
<scannerInfoProvider id="makefileGenerator">
<runAction arguments="-f ${project_name}_scd.mk" command="make" useDefault="true"/>
<parser enabled="true"/>
</scannerInfoProvider>
</profile>
<profile id="org.eclipse.cdt.managedbuilder.core.GCCManagedMakePerProjectProfile">
<buildOutputProvider>
<openAction enabled="true" filePath=""/>
<parser enabled="true"/>
</buildOutputProvider>
<scannerInfoProvider id="specsFile">
<runAction arguments="-E -P -v -dD ${plugin_state_location}/${specs_file}" command="gcc" useDefault="true"/>
<parser enabled="true"/>
</scannerInfoProvider>
</profile>
<profile id="org.eclipse.cdt.managedbuilder.core.GCCManagedMakePerProjectProfileCPP">
<buildOutputProvider>
<openAction enabled="true" filePath=""/>
<parser enabled="true"/>
</buildOutputProvider>
<scannerInfoProvider id="specsFile">
<runAction arguments="-E -P -v -dD ${plugin_state_location}/specs.cpp" command="g++" useDefault="true"/>
<parser enabled="true"/>
</scannerInfoProvider>
</profile>
<profile id="org.eclipse.cdt.managedbuilder.core.GCCManagedMakePerProjectProfileC">
<buildOutputProvider>
<openAction enabled="true" filePath=""/>
<parser enabled="true"/>
</buildOutputProvider>
<scannerInfoProvider id="specsFile">
<runAction arguments="-E -P -v -dD ${plugin_state_location}/specs.c" command="gcc" useDefault="true"/>
<parser enabled="true"/>
</scannerInfoProvider>
</profile>
<profile id="org.eclipse.cdt.managedbuilder.core.GCCWinManagedMakePerProjectProfile">
<buildOutputProvider>
<openAction enabled="true" filePath=""/>
<parser enabled="true"/>
</buildOutputProvider>
<scannerInfoProvider id="specsFile">
<runAction arguments="-c 'gcc -E -P -v -dD &quot;${plugin_state_location}/${specs_file}&quot;'" command="sh" useDefault="true"/>
<parser enabled="true"/>
</scannerInfoProvider>
</profile>
<profile id="org.eclipse.cdt.managedbuilder.core.GCCWinManagedMakePerProjectProfileCPP">
<buildOutputProvider>
<openAction enabled="true" filePath=""/>
<parser enabled="true"/>
</buildOutputProvider>
<scannerInfoProvider id="specsFile">
<runAction arguments="-c 'g++ -E -P -v -dD &quot;${plugin_state_location}/specs.cpp&quot;'" command="sh" useDefault="true"/>
<parser enabled="true"/>
</scannerInfoProvider>
</profile>
<profile id="org.eclipse.cdt.managedbuilder.core.GCCWinManagedMakePerProjectProfileC">
<buildOutputProvider>
<openAction enabled="true" filePath=""/>
<parser enabled="true"/>
</buildOutputProvider>
<scannerInfoProvider id="specsFile">
<runAction arguments="-c 'gcc -E -P -v -dD &quot;${plugin_state_location}/specs.c&quot;'" command="sh" useDefault="true"/>
<parser enabled="true"/>
</scannerInfoProvider>
</profile>
</scannerConfigBuildInfo>
</storageModule>
<storageModule moduleId="org.eclipse.cdt.core.externalSettings"/>
<storageModule moduleId="org.eclipse.cdt.core.language.mapping"/>
<storageModule moduleId="org.eclipse.cdt.internal.ui.text.commentOwnerProjectMappings"/>
<storageModule moduleId="org.eclipse.cdt.make.core.buildtargets"/>
</cconfiguration>
<cconfiguration id="avr32.managedbuild.config.gnu.exe.release.657878227">
<storageModule buildSystemId="org.eclipse.cdt.managedbuilder.core.configurationDataProvider" id="avr32.managedbuild.config.gnu.exe.release.657878227" moduleId="org.eclipse.cdt.core.settings" name="Release">
<externalSettings/>
<extensions>
<extension id="org.eclipse.cdt.managedbuilder.core.ManagedBuildManager" point="org.eclipse.cdt.core.ScannerInfoProvider"/>
<extension id="com.atmel.avr.toolchain.avr32gcc.elf32-avr32" point="org.eclipse.cdt.core.BinaryParser"/>
<extension id="org.eclipse.cdt.core.GCCErrorParser" point="org.eclipse.cdt.core.ErrorParser"/>
<extension id="org.eclipse.cdt.core.GASErrorParser" point="org.eclipse.cdt.core.ErrorParser"/>
<extension id="org.eclipse.cdt.core.GLDErrorParser" point="org.eclipse.cdt.core.ErrorParser"/>
</extensions>
</storageModule>
<storageModule moduleId="cdtBuildSystem" version="4.0.0">
<configuration artifactName="wifi_dnld" buildArtefactType="org.eclipse.cdt.build.core.buildArtefactType.exe" buildProperties="org.eclipse.cdt.build.core.buildType=org.eclipse.cdt.build.core.buildType.release,org.eclipse.cdt.build.core.buildArtefactType=org.eclipse.cdt.build.core.buildArtefactType.exe" cleanCommand="rm -rf" description="AVR32 Standalone release configuration" id="avr32.managedbuild.config.gnu.exe.release.657878227" name="Release" parent="avr32.managedbuild.config.gnu.exe.release">
<folderInfo id="avr32.managedbuild.config.gnu.exe.release.657878227." name="/" resourcePath="">
<toolChain id="avr32.managedbuild.toolchain.gnu.exe.release.722848766" name="32-bit AVR/GNU C/C++ Toolchain" superClass="avr32.managedbuild.toolchain.gnu.exe.release">
<targetPlatform id="avr32.managedbuild.target.gnu.platform.exe.release.787333741" name="%PlatformName.Dbg" superClass="avr32.managedbuild.target.gnu.platform.exe.release"/>
<builder buildPath="${workspace_loc:/wifi_dnld/Release}" id="avr32.managedbuild.target.gnu.builder.exe.release.1399107203" keepEnvironmentInBuildfile="false" name="CDT Internal Builder" superClass="avr32.managedbuild.target.gnu.builder.exe.release"/>
<tool id="avr32.managedbuild.tool.gnu.archiver.exe.release.1720225360" name="32-bit AVR/GNU Archiver" superClass="avr32.managedbuild.tool.gnu.archiver.exe.release"/>
<tool id="avr32.managedbuild.tool.gnu.cpp.compiler.exe.release.875278510" name="32-bit AVR/GNU C++ Compiler" superClass="avr32.managedbuild.tool.gnu.cpp.compiler.exe.release">
<option id="gnu.cpp.compiler.option.optimization.level.183875732" name="Optimization Level" superClass="gnu.cpp.compiler.option.optimization.level" value="gnu.cpp.compiler.optimization.level.most" valueType="enumerated"/>
<option id="gnu.cpp.compiler.option.debugging.level.2087046952" name="Debug Level" superClass="gnu.cpp.compiler.option.debugging.level" value="gnu.cpp.compiler.debugging.level.none" valueType="enumerated"/>
<option defaultValue="gnu.c.optimization.level.most" id="avr32.cpp.compiler.option.optimization.level.release.1669925035" name="Optimization Level" superClass="avr32.cpp.compiler.option.optimization.level.release" valueType="enumerated"/>
<option id="avr32.cpp.compiler.option.mcu.245744969" name="Microcontroller Unit" superClass="avr32.cpp.compiler.option.mcu" value="-mpart=uc3a1256" valueType="string"/>
<option id="gnu.cpp.compiler.option.include.paths.2014943719" name="Include paths (-I)" superClass="gnu.cpp.compiler.option.include.paths" valueType="includePath">
<listOptionValue builtIn="false" value="../src/SOFTWARE_FRAMEWORK/UTILS/DEBUG"/>
<listOptionValue builtIn="false" value="../src/SOFTWARE_FRAMEWORK/SERVICES/MEMORY/CTRL_ACCESS"/>
<listOptionValue builtIn="false" value="../src/CONFIG"/>
<listOptionValue builtIn="false" value="../src/SOFTWARE_FRAMEWORK/COMPONENTS/MEMORY/DATA_FLASH/AT45DBX"/>
<listOptionValue builtIn="false" value="../src/SOFTWARE_FRAMEWORK/DRIVERS/USART"/>
<listOptionValue builtIn="false" value="../src/SOFTWARE_FRAMEWORK/DRIVERS/SPI"/>
<listOptionValue builtIn="false" value="../src/SOFTWARE_FRAMEWORK/DRIVERS/PM"/>
<listOptionValue builtIn="false" value="../src/SOFTWARE_FRAMEWORK/DRIVERS/GPIO"/>
<listOptionValue builtIn="false" value="../src/SOFTWARE_FRAMEWORK/DRIVERS/FLASHC"/>
<listOptionValue builtIn="false" value="../src/SOFTWARE_FRAMEWORK/UTILS/LIBS/NEWLIB_ADDONS/INCLUDE"/>
<listOptionValue builtIn="false" value="../src/SOFTWARE_FRAMEWORK/UTILS/PREPROCESSOR"/>
<listOptionValue builtIn="false" value="../src/SOFTWARE_FRAMEWORK/UTILS"/>
<listOptionValue builtIn="false" value="../src/SOFTWARE_FRAMEWORK/DRIVERS/INTC"/>
</option>
<option id="avr32.cpp.compiler.option.flashvault.275481591" name="Enable FlashVault support" superClass="avr32.cpp.compiler.option.flashvault" value="false" valueType="boolean"/>
</tool>
<tool id="avr32.managedbuild.tool.gnu.c.compiler.exe.release.1756143675" name="32-bit AVR/GNU C Compiler" superClass="avr32.managedbuild.tool.gnu.c.compiler.exe.release">
<option defaultValue="gnu.c.optimization.level.most" id="avr32.c.compiler.option.optimization.level.release.1026762119" name="Optimization Level" superClass="avr32.c.compiler.option.optimization.level.release" valueType="enumerated"/>
<option id="gnu.c.compiler.option.debugging.level.1638027682" name="Debug Level" superClass="gnu.c.compiler.option.debugging.level" value="gnu.c.debugging.level.none" valueType="enumerated"/>
<option id="avr32.c.compiler.option.mcu.1551179967" name="Microcontroller Unit" superClass="avr32.c.compiler.option.mcu" value="-mpart=uc3a1256" valueType="string"/>
<option id="gnu.c.compiler.option.optimization.flags.1564845329" name="Other optimization flags" superClass="gnu.c.compiler.option.optimization.flags" value="-fdata-sections" valueType="string"/>
<option id="gnu.c.compiler.option.preprocessor.def.symbols.687766725" name="Defined symbols (-D)" superClass="gnu.c.compiler.option.preprocessor.def.symbols" valueType="definedSymbols">
<listOptionValue builtIn="false" value="BOARD=ARDUINO"/>
</option>
<option id="gnu.c.compiler.option.include.paths.1279594844" name="Include paths (-I)" superClass="gnu.c.compiler.option.include.paths" valueType="includePath">
<listOptionValue builtIn="false" value="../src/SOFTWARE_FRAMEWORK/UTILS/DEBUG"/>
<listOptionValue builtIn="false" value="../src/SOFTWARE_FRAMEWORK/SERVICES/MEMORY/CTRL_ACCESS"/>
<listOptionValue builtIn="false" value="../src/CONFIG"/>
<listOptionValue builtIn="false" value="../src/SOFTWARE_FRAMEWORK/COMPONENTS/MEMORY/DATA_FLASH/AT45DBX"/>
<listOptionValue builtIn="false" value="../src/SOFTWARE_FRAMEWORK/DRIVERS/USART"/>
<listOptionValue builtIn="false" value="../src/SOFTWARE_FRAMEWORK/DRIVERS/SPI"/>
<listOptionValue builtIn="false" value="../src/SOFTWARE_FRAMEWORK/DRIVERS/PM"/>
<listOptionValue builtIn="false" value="../src/SOFTWARE_FRAMEWORK/DRIVERS/GPIO"/>
<listOptionValue builtIn="false" value="../src/SOFTWARE_FRAMEWORK/DRIVERS/FLASHC"/>
<listOptionValue builtIn="false" value="../src/SOFTWARE_FRAMEWORK/UTILS/LIBS/NEWLIB_ADDONS/INCLUDE"/>
<listOptionValue builtIn="false" value="../src/SOFTWARE_FRAMEWORK/UTILS/PREPROCESSOR"/>
<listOptionValue builtIn="false" value="../src/SOFTWARE_FRAMEWORK/UTILS"/>
<listOptionValue builtIn="false" value="../src/SOFTWARE_FRAMEWORK/DRIVERS/INTC"/>
<listOptionValue builtIn="false" value="../src/SOFTWARE_FRAMEWORK/BOARDS"/>
<listOptionValue builtIn="false" value="../src"/>
</option>
<option id="avr32.c.compiler.option.flashvault.1560264128" name="Enable FlashVault support" superClass="avr32.c.compiler.option.flashvault" value="false" valueType="boolean"/>
<inputType id="avr32.managedbuild.tool.gnu.c.compiler.input.1828784431" superClass="avr32.managedbuild.tool.gnu.c.compiler.input"/>
</tool>
<tool id="avr32.managedbuild.tool.gnu.c.linker.exe.release.1281932637" name="32-bit AVR/GNU C Linker" superClass="avr32.managedbuild.tool.gnu.c.linker.exe.release">
<option id="avr32.c.linker.option.mcu.1595174478" name="Microcontroller Unit" superClass="avr32.c.linker.option.mcu" value="-mpart=uc3a1256" valueType="string"/>
<option id="gnu.c.link.option.nostart.901647440" name="Do not use standard start files (-nostartfiles)" superClass="gnu.c.link.option.nostart" value="true" valueType="boolean"/>
<option id="gnu.c.link.option.ldflags.183335601" name="Linker flags" superClass="gnu.c.link.option.ldflags" value="-Wl,--gc-sections -Wl,-e,_trampoline -T../src/SOFTWARE_FRAMEWORK/UTILS/LINKER_SCRIPTS/AT32UC3A/1256/GCC/link_uc3a1256.lds" valueType="string"/>
<option id="gnu.c.link.option.paths.583164556" name="Library search path (-L)" superClass="gnu.c.link.option.paths" valueType="libPaths">
<listOptionValue builtIn="false" value="../src/SOFTWARE_FRAMEWORK/UTILS/LIBS/NEWLIB_ADDONS"/>
<listOptionValue builtIn="false" value="../src/SOFTWARE_FRAMEWORK/BOARDS"/>
</option>
<option id="gnu.c.link.option.libs.217934189" name="Libraries (-l)" superClass="gnu.c.link.option.libs" valueType="libs">
<listOptionValue builtIn="false" value="newlib_addons-at32ucr2-speed_opt"/>
</option>
<inputType id="cdt.managedbuild.tool.gnu.c.linker.input.900000786" superClass="cdt.managedbuild.tool.gnu.c.linker.input">
<additionalInput kind="additionalinputdependency" paths="$(USER_OBJS)"/>
<additionalInput kind="additionalinput" paths="$(LIBS)"/>
</inputType>
</tool>
<tool id="avr32.managedbuild.tool.gnu.cpp.linker.exe.release.1544350382" name="32-bit AVR/GNU C++ Linker" superClass="avr32.managedbuild.tool.gnu.cpp.linker.exe.release">
<option id="avr32.cpp.linker.option.mcu.2135785353" name="Microcontroller Unit" superClass="avr32.cpp.linker.option.mcu" value="-mpart=uc3a1256" valueType="string"/>
<option id="gnu.cpp.link.option.libs.1394437968" name="Libraries (-l)" superClass="gnu.cpp.link.option.libs" valueType="libs">
<listOptionValue builtIn="false" value="newlib_addons-at32ucr2-speed_opt"/>
</option>
<option id="gnu.cpp.link.option.paths.1503002133" name="Library search path (-L)" superClass="gnu.cpp.link.option.paths" valueType="libPaths">
<listOptionValue builtIn="false" value="../src/SOFTWARE_FRAMEWORK/UTILS/LIBS/NEWLIB_ADDONS"/>
</option>
</tool>
<tool id="avr32.managedbuild.tool.gnu.assembler.exe.release.2145926358" name="32-bit AVR/GNU Assembler" superClass="avr32.managedbuild.tool.gnu.assembler.exe.release">
<option id="avr32.both.asm.option.debugging.level.1675736685" name="Debug Level" superClass="avr32.both.asm.option.debugging.level" value="avr32.both.asm.debugging.level.none" valueType="enumerated"/>
<option id="avr32.both.asm.option.mcu.1210222151" name="Microcontroller Unit" superClass="avr32.both.asm.option.mcu" value="-mpart=uc3a1256" valueType="string"/>
<option id="gnu.both.asm.option.include.paths.1743520043" name="Include paths (-I)" superClass="gnu.both.asm.option.include.paths" valueType="includePath">
<listOptionValue builtIn="false" value="../src/SOFTWARE_FRAMEWORK/UTILS/DEBUG"/>
<listOptionValue builtIn="false" value="../src/SOFTWARE_FRAMEWORK/SERVICES/MEMORY/CTRL_ACCESS"/>
<listOptionValue builtIn="false" value="../src/CONFIG"/>
<listOptionValue builtIn="false" value="../src/SOFTWARE_FRAMEWORK/COMPONENTS/MEMORY/DATA_FLASH/AT45DBX"/>
<listOptionValue builtIn="false" value="../src/SOFTWARE_FRAMEWORK/DRIVERS/USART"/>
<listOptionValue builtIn="false" value="../src/SOFTWARE_FRAMEWORK/DRIVERS/SPI"/>
<listOptionValue builtIn="false" value="../src/SOFTWARE_FRAMEWORK/DRIVERS/PM"/>
<listOptionValue builtIn="false" value="../src/SOFTWARE_FRAMEWORK/DRIVERS/GPIO"/>
<listOptionValue builtIn="false" value="../src/SOFTWARE_FRAMEWORK/DRIVERS/FLASHC"/>
<listOptionValue builtIn="false" value="../src/SOFTWARE_FRAMEWORK/UTILS/LIBS/NEWLIB_ADDONS/INCLUDE"/>
<listOptionValue builtIn="false" value="../src/SOFTWARE_FRAMEWORK/UTILS/PREPROCESSOR"/>
<listOptionValue builtIn="false" value="../src/SOFTWARE_FRAMEWORK/UTILS"/>
<listOptionValue builtIn="false" value="../src/SOFTWARE_FRAMEWORK/DRIVERS/INTC"/>
<listOptionValue builtIn="false" value="../src/SOFTWARE_FRAMEWORK/BOARDS"/>
</option>
</tool>
<tool id="avr32.managedbuild.tool.gnu.preprocessor.exe.release.420525713" name="32-bit AVR/GNU Preprocessing Assembler" superClass="avr32.managedbuild.tool.gnu.preprocessor.exe.release">
<option id="avr32.both.preprocessor.option.debugging.level.1011519699" name="Debug Level" superClass="avr32.both.preprocessor.option.debugging.level" value="avr32.both.preprocessor.debugging.level.none" valueType="enumerated"/>
<option id="avr32.both.preprocessor.option.mcu.612156450" name="Microcontroller Unit" superClass="avr32.both.preprocessor.option.mcu" value="-mpart=uc3a1256" valueType="string"/>
<option id="avr32.both.preprocessor.option.flags.1159687922" name="Assembler flags" superClass="avr32.both.preprocessor.option.flags" value="-Wa,-g" valueType="string"/>
<option id="avr32.both.preprocessor.option.paths.1457315047" name="Include paths (-I)" superClass="avr32.both.preprocessor.option.paths" valueType="includePath">
<listOptionValue builtIn="false" value="../src/SOFTWARE_FRAMEWORK/UTILS/DEBUG"/>
<listOptionValue builtIn="false" value="../src/SOFTWARE_FRAMEWORK/SERVICES/MEMORY/CTRL_ACCESS"/>
<listOptionValue builtIn="false" value="../src/CONFIG"/>
<listOptionValue builtIn="false" value="../src/SOFTWARE_FRAMEWORK/COMPONENTS/MEMORY/DATA_FLASH/AT45DBX"/>
<listOptionValue builtIn="false" value="../src/SOFTWARE_FRAMEWORK/DRIVERS/USART"/>
<listOptionValue builtIn="false" value="../src/SOFTWARE_FRAMEWORK/DRIVERS/SPI"/>
<listOptionValue builtIn="false" value="../src/SOFTWARE_FRAMEWORK/DRIVERS/PM"/>
<listOptionValue builtIn="false" value="../src/SOFTWARE_FRAMEWORK/DRIVERS/GPIO"/>
<listOptionValue builtIn="false" value="../src/SOFTWARE_FRAMEWORK/DRIVERS/FLASHC"/>
<listOptionValue builtIn="false" value="../src/SOFTWARE_FRAMEWORK/UTILS/LIBS/NEWLIB_ADDONS/INCLUDE"/>
<listOptionValue builtIn="false" value="../src/SOFTWARE_FRAMEWORK/UTILS/PREPROCESSOR"/>
<listOptionValue builtIn="false" value="../src/SOFTWARE_FRAMEWORK/UTILS"/>
<listOptionValue builtIn="false" value="../src/SOFTWARE_FRAMEWORK/DRIVERS/INTC"/>
<listOptionValue builtIn="false" value="../src/SOFTWARE_FRAMEWORK/BOARDS"/>
</option>
<inputType id="avr32.managedbuild.tool.gnu.preprocessor.input.2082742376" superClass="avr32.managedbuild.tool.gnu.preprocessor.input"/>
</tool>
</toolChain>
</folderInfo>
<sourceEntries>
<entry excluding="SOFTWARE_FRAMEWORK/BOARDS/EVK1105" flags="VALUE_WORKSPACE_PATH|RESOLVED" kind="sourcePath" name="src"/>
</sourceEntries>
</configuration>
</storageModule>
<storageModule moduleId="scannerConfiguration">
<autodiscovery enabled="true" problemReportingEnabled="true" selectedProfileId="org.eclipse.cdt.make.core.GCCStandardMakePerProjectProfile"/>
<profile id="com.atmel.avr32.debug.AVR32ManagedMakePerProjectProfileC">
<buildOutputProvider>
<openAction enabled="true" filePath=""/>
<parser enabled="true"/>
</buildOutputProvider>
<scannerInfoProvider id="specsFile">
<runAction arguments="-mpart=${part} -E -P -v -dD ${plugin_state_location}/${specs_file}" command="avr32-gcc" useDefault="true"/>
<parser enabled="true"/>
</scannerInfoProvider>
</profile>
<profile id="com.atmel.avr32.debug.AVR32ManagedMakePerProjectProfileCPP">
<buildOutputProvider>
<openAction enabled="true" filePath=""/>
<parser enabled="true"/>
</buildOutputProvider>
<scannerInfoProvider id="specsFile">
<runAction arguments="-mpart=${part} -E -P -v -dD ${plugin_state_location}/${specs_file}" command="avr32-g++" useDefault="true"/>
<parser enabled="true"/>
</scannerInfoProvider>
</profile>
<profile id="com.atmel.avr32.debug.AVR32LinuxManagedMakePerProjectProfileC">
<buildOutputProvider>
<openAction enabled="true" filePath=""/>
<parser enabled="true"/>
</buildOutputProvider>
<scannerInfoProvider id="specsFile">
<runAction arguments="-mpart=${part} -E -P -v -dD ${plugin_state_location}/${specs_file}" command="avr32-linux-gcc" useDefault="true"/>
<parser enabled="true"/>
</scannerInfoProvider>
</profile>
<profile id="com.atmel.avr32.debug.AVR32LinuxManagedMakePerProjectProfileCPP">
<buildOutputProvider>
<openAction enabled="true" filePath=""/>
<parser enabled="true"/>
</buildOutputProvider>
<scannerInfoProvider id="specsFile">
<runAction arguments="-mpart=${part} -E -P -v -dD ${plugin_state_location}/${specs_file}" command="avr32-linux-g++" useDefault="true"/>
<parser enabled="true"/>
</scannerInfoProvider>
</profile>
<profile id="com.atmel.avr32.debug.AVR32StandardMakePerProjectProfileC">
<buildOutputProvider>
<openAction enabled="true" filePath=""/>
<parser enabled="true"/>
</buildOutputProvider>
<scannerInfoProvider id="specsFile">
<runAction arguments="-mpart=${part} -E -P -v -dD ${plugin_state_location}/${specs_file}" command="avr32-gcc" useDefault="true"/>
<parser enabled="true"/>
</scannerInfoProvider>
</profile>
<profile id="com.atmel.avr32.debug.AVR32StandardMakePerProjectProfileCPP">
<buildOutputProvider>
<openAction enabled="true" filePath=""/>
<parser enabled="true"/>
</buildOutputProvider>
<scannerInfoProvider id="specsFile">
<runAction arguments="-mpart=${part} -E -P -v -dD ${plugin_state_location}/${specs_file}" command="avr32-g++" useDefault="true"/>
<parser enabled="true"/>
</scannerInfoProvider>
</profile>
<profile id="com.atmel.avr32.debug.AVR32LinuxStandardMakePerProjectProfileC">
<buildOutputProvider>
<openAction enabled="true" filePath=""/>
<parser enabled="true"/>
</buildOutputProvider>
<scannerInfoProvider id="specsFile">
<runAction arguments="-mpart=${part} -E -P -v -dD ${plugin_state_location}/${specs_file}" command="avr32-linux-gcc" useDefault="true"/>
<parser enabled="true"/>
</scannerInfoProvider>
</profile>
<profile id="com.atmel.avr32.debug.AVR32LinuxStandardMakePerProjectProfileCPP">
<buildOutputProvider>
<openAction enabled="true" filePath=""/>
<parser enabled="true"/>
</buildOutputProvider>
<scannerInfoProvider id="specsFile">
<runAction arguments="-mpart=${part} -E -P -v -dD ${plugin_state_location}/${specs_file}" command="avr32-linux-g++" useDefault="true"/>
<parser enabled="true"/>
</scannerInfoProvider>
</profile>
<profile id="org.eclipse.cdt.make.core.GCCStandardMakePerProjectProfile">
<buildOutputProvider>
<openAction enabled="true" filePath=""/>
<parser enabled="true"/>
</buildOutputProvider>
<scannerInfoProvider id="specsFile">
<runAction arguments="-E -P -v -dD ${plugin_state_location}/${specs_file}" command="gcc" useDefault="true"/>
<parser enabled="true"/>
</scannerInfoProvider>
</profile>
<profile id="org.eclipse.cdt.make.core.GCCStandardMakePerFileProfile">
<buildOutputProvider>
<openAction enabled="true" filePath=""/>
<parser enabled="true"/>
</buildOutputProvider>
<scannerInfoProvider id="makefileGenerator">
<runAction arguments="-f ${project_name}_scd.mk" command="make" useDefault="true"/>
<parser enabled="true"/>
</scannerInfoProvider>
</profile>
<profile id="org.eclipse.cdt.managedbuilder.core.GCCManagedMakePerProjectProfile">
<buildOutputProvider>
<openAction enabled="true" filePath=""/>
<parser enabled="true"/>
</buildOutputProvider>
<scannerInfoProvider id="specsFile">
<runAction arguments="-E -P -v -dD ${plugin_state_location}/${specs_file}" command="gcc" useDefault="true"/>
<parser enabled="true"/>
</scannerInfoProvider>
</profile>
<profile id="org.eclipse.cdt.managedbuilder.core.GCCManagedMakePerProjectProfileCPP">
<buildOutputProvider>
<openAction enabled="true" filePath=""/>
<parser enabled="true"/>
</buildOutputProvider>
<scannerInfoProvider id="specsFile">
<runAction arguments="-E -P -v -dD ${plugin_state_location}/specs.cpp" command="g++" useDefault="true"/>
<parser enabled="true"/>
</scannerInfoProvider>
</profile>
<profile id="org.eclipse.cdt.managedbuilder.core.GCCManagedMakePerProjectProfileC">
<buildOutputProvider>
<openAction enabled="true" filePath=""/>
<parser enabled="true"/>
</buildOutputProvider>
<scannerInfoProvider id="specsFile">
<runAction arguments="-E -P -v -dD ${plugin_state_location}/specs.c" command="gcc" useDefault="true"/>
<parser enabled="true"/>
</scannerInfoProvider>
</profile>
<profile id="org.eclipse.cdt.managedbuilder.core.GCCWinManagedMakePerProjectProfile">
<buildOutputProvider>
<openAction enabled="true" filePath=""/>
<parser enabled="true"/>
</buildOutputProvider>
<scannerInfoProvider id="specsFile">
<runAction arguments="-c 'gcc -E -P -v -dD &quot;${plugin_state_location}/${specs_file}&quot;'" command="sh" useDefault="true"/>
<parser enabled="true"/>
</scannerInfoProvider>
</profile>
<profile id="org.eclipse.cdt.managedbuilder.core.GCCWinManagedMakePerProjectProfileCPP">
<buildOutputProvider>
<openAction enabled="true" filePath=""/>
<parser enabled="true"/>
</buildOutputProvider>
<scannerInfoProvider id="specsFile">
<runAction arguments="-c 'g++ -E -P -v -dD &quot;${plugin_state_location}/specs.cpp&quot;'" command="sh" useDefault="true"/>
<parser enabled="true"/>
</scannerInfoProvider>
</profile>
<profile id="org.eclipse.cdt.managedbuilder.core.GCCWinManagedMakePerProjectProfileC">
<buildOutputProvider>
<openAction enabled="true" filePath=""/>
<parser enabled="true"/>
</buildOutputProvider>
<scannerInfoProvider id="specsFile">
<runAction arguments="-c 'gcc -E -P -v -dD &quot;${plugin_state_location}/specs.c&quot;'" command="sh" useDefault="true"/>
<parser enabled="true"/>
</scannerInfoProvider>
</profile>
<scannerConfigBuildInfo instanceId="avr32.managedbuild.config.gnu.exe.release.657878227;avr32.managedbuild.config.gnu.exe.release.657878227.;avr32.managedbuild.tool.gnu.c.compiler.exe.release.1756143675;avr32.managedbuild.tool.gnu.c.compiler.input.1828784431">
<autodiscovery enabled="true" problemReportingEnabled="true" selectedProfileId="com.atmel.avr32.debug.AVR32ManagedMakePerProjectProfileC"/>
<profile id="com.atmel.avr32.debug.AVR32ManagedMakePerProjectProfileC">
<buildOutputProvider>
<openAction enabled="true" filePath=""/>
<parser enabled="true"/>
</buildOutputProvider>
<scannerInfoProvider id="specsFile">
<runAction arguments="-mpart=${part} -E -P -v -dD ${plugin_state_location}/${specs_file}" command="avr32-gcc" useDefault="true"/>
<parser enabled="true"/>
</scannerInfoProvider>
</profile>
<profile id="com.atmel.avr32.debug.AVR32ManagedMakePerProjectProfileCPP">
<buildOutputProvider>
<openAction enabled="true" filePath=""/>
<parser enabled="true"/>
</buildOutputProvider>
<scannerInfoProvider id="specsFile">
<runAction arguments="-mpart=${part} -E -P -v -dD ${plugin_state_location}/${specs_file}" command="avr32-g++" useDefault="true"/>
<parser enabled="true"/>
</scannerInfoProvider>
</profile>
<profile id="com.atmel.avr32.debug.AVR32LinuxManagedMakePerProjectProfileC">
<buildOutputProvider>
<openAction enabled="true" filePath=""/>
<parser enabled="true"/>
</buildOutputProvider>
<scannerInfoProvider id="specsFile">
<runAction arguments="-mpart=${part} -E -P -v -dD ${plugin_state_location}/${specs_file}" command="avr32-linux-gcc" useDefault="true"/>
<parser enabled="true"/>
</scannerInfoProvider>
</profile>
<profile id="com.atmel.avr32.debug.AVR32LinuxManagedMakePerProjectProfileCPP">
<buildOutputProvider>
<openAction enabled="true" filePath=""/>
<parser enabled="true"/>
</buildOutputProvider>
<scannerInfoProvider id="specsFile">
<runAction arguments="-mpart=${part} -E -P -v -dD ${plugin_state_location}/${specs_file}" command="avr32-linux-g++" useDefault="true"/>
<parser enabled="true"/>
</scannerInfoProvider>
</profile>
<profile id="com.atmel.avr32.debug.AVR32StandardMakePerProjectProfileC">
<buildOutputProvider>
<openAction enabled="true" filePath=""/>
<parser enabled="true"/>
</buildOutputProvider>
<scannerInfoProvider id="specsFile">
<runAction arguments="-mpart=${part} -E -P -v -dD ${plugin_state_location}/${specs_file}" command="avr32-gcc" useDefault="true"/>
<parser enabled="true"/>
</scannerInfoProvider>
</profile>
<profile id="com.atmel.avr32.debug.AVR32StandardMakePerProjectProfileCPP">
<buildOutputProvider>
<openAction enabled="true" filePath=""/>
<parser enabled="true"/>
</buildOutputProvider>
<scannerInfoProvider id="specsFile">
<runAction arguments="-mpart=${part} -E -P -v -dD ${plugin_state_location}/${specs_file}" command="avr32-g++" useDefault="true"/>
<parser enabled="true"/>
</scannerInfoProvider>
</profile>
<profile id="com.atmel.avr32.debug.AVR32LinuxStandardMakePerProjectProfileC">
<buildOutputProvider>
<openAction enabled="true" filePath=""/>
<parser enabled="true"/>
</buildOutputProvider>
<scannerInfoProvider id="specsFile">
<runAction arguments="-mpart=${part} -E -P -v -dD ${plugin_state_location}/${specs_file}" command="avr32-linux-gcc" useDefault="true"/>
<parser enabled="true"/>
</scannerInfoProvider>
</profile>
<profile id="com.atmel.avr32.debug.AVR32LinuxStandardMakePerProjectProfileCPP">
<buildOutputProvider>
<openAction enabled="true" filePath=""/>
<parser enabled="true"/>
</buildOutputProvider>
<scannerInfoProvider id="specsFile">
<runAction arguments="-mpart=${part} -E -P -v -dD ${plugin_state_location}/${specs_file}" command="avr32-linux-g++" useDefault="true"/>
<parser enabled="true"/>
</scannerInfoProvider>
</profile>
<profile id="org.eclipse.cdt.make.core.GCCStandardMakePerProjectProfile">
<buildOutputProvider>
<openAction enabled="true" filePath=""/>
<parser enabled="true"/>
</buildOutputProvider>
<scannerInfoProvider id="specsFile">
<runAction arguments="-E -P -v -dD ${plugin_state_location}/${specs_file}" command="gcc" useDefault="true"/>
<parser enabled="true"/>
</scannerInfoProvider>
</profile>
<profile id="org.eclipse.cdt.make.core.GCCStandardMakePerFileProfile">
<buildOutputProvider>
<openAction enabled="true" filePath=""/>
<parser enabled="true"/>
</buildOutputProvider>
<scannerInfoProvider id="makefileGenerator">
<runAction arguments="-f ${project_name}_scd.mk" command="make" useDefault="true"/>
<parser enabled="true"/>
</scannerInfoProvider>
</profile>
<profile id="org.eclipse.cdt.managedbuilder.core.GCCManagedMakePerProjectProfile">
<buildOutputProvider>
<openAction enabled="true" filePath=""/>
<parser enabled="true"/>
</buildOutputProvider>
<scannerInfoProvider id="specsFile">
<runAction arguments="-E -P -v -dD ${plugin_state_location}/${specs_file}" command="gcc" useDefault="true"/>
<parser enabled="true"/>
</scannerInfoProvider>
</profile>
<profile id="org.eclipse.cdt.managedbuilder.core.GCCManagedMakePerProjectProfileCPP">
<buildOutputProvider>
<openAction enabled="true" filePath=""/>
<parser enabled="true"/>
</buildOutputProvider>
<scannerInfoProvider id="specsFile">
<runAction arguments="-E -P -v -dD ${plugin_state_location}/specs.cpp" command="g++" useDefault="true"/>
<parser enabled="true"/>
</scannerInfoProvider>
</profile>
<profile id="org.eclipse.cdt.managedbuilder.core.GCCManagedMakePerProjectProfileC">
<buildOutputProvider>
<openAction enabled="true" filePath=""/>
<parser enabled="true"/>
</buildOutputProvider>
<scannerInfoProvider id="specsFile">
<runAction arguments="-E -P -v -dD ${plugin_state_location}/specs.c" command="gcc" useDefault="true"/>
<parser enabled="true"/>
</scannerInfoProvider>
</profile>
<profile id="org.eclipse.cdt.managedbuilder.core.GCCWinManagedMakePerProjectProfile">
<buildOutputProvider>
<openAction enabled="true" filePath=""/>
<parser enabled="true"/>
</buildOutputProvider>
<scannerInfoProvider id="specsFile">
<runAction arguments="-c 'gcc -E -P -v -dD &quot;${plugin_state_location}/${specs_file}&quot;'" command="sh" useDefault="true"/>
<parser enabled="true"/>
</scannerInfoProvider>
</profile>
<profile id="org.eclipse.cdt.managedbuilder.core.GCCWinManagedMakePerProjectProfileCPP">
<buildOutputProvider>
<openAction enabled="true" filePath=""/>
<parser enabled="true"/>
</buildOutputProvider>
<scannerInfoProvider id="specsFile">
<runAction arguments="-c 'g++ -E -P -v -dD &quot;${plugin_state_location}/specs.cpp&quot;'" command="sh" useDefault="true"/>
<parser enabled="true"/>
</scannerInfoProvider>
</profile>
<profile id="org.eclipse.cdt.managedbuilder.core.GCCWinManagedMakePerProjectProfileC">
<buildOutputProvider>
<openAction enabled="true" filePath=""/>
<parser enabled="true"/>
</buildOutputProvider>
<scannerInfoProvider id="specsFile">
<runAction arguments="-c 'gcc -E -P -v -dD &quot;${plugin_state_location}/specs.c&quot;'" command="sh" useDefault="true"/>
<parser enabled="true"/>
</scannerInfoProvider>
</profile>
</scannerConfigBuildInfo>
<scannerConfigBuildInfo instanceId="avr32.managedbuild.config.gnu.exe.debug.618344773;avr32.managedbuild.config.gnu.exe.debug.618344773.;avr32.managedbuild.tool.gnu.c.compiler.exe.debug.468457615;avr32.managedbuild.tool.gnu.c.compiler.input.1816670662">
<autodiscovery enabled="true" problemReportingEnabled="true" selectedProfileId="com.atmel.avr32.debug.AVR32ManagedMakePerProjectProfileC"/>
<profile id="com.atmel.avr32.debug.AVR32ManagedMakePerProjectProfileC">
<buildOutputProvider>
<openAction enabled="true" filePath=""/>
<parser enabled="true"/>
</buildOutputProvider>
<scannerInfoProvider id="specsFile">
<runAction arguments="-mpart=${part} -E -P -v -dD ${plugin_state_location}/${specs_file}" command="avr32-gcc" useDefault="true"/>
<parser enabled="true"/>
</scannerInfoProvider>
</profile>
<profile id="com.atmel.avr32.debug.AVR32ManagedMakePerProjectProfileCPP">
<buildOutputProvider>
<openAction enabled="true" filePath=""/>
<parser enabled="true"/>
</buildOutputProvider>
<scannerInfoProvider id="specsFile">
<runAction arguments="-mpart=${part} -E -P -v -dD ${plugin_state_location}/${specs_file}" command="avr32-g++" useDefault="true"/>
<parser enabled="true"/>
</scannerInfoProvider>
</profile>
<profile id="com.atmel.avr32.debug.AVR32LinuxManagedMakePerProjectProfileC">
<buildOutputProvider>
<openAction enabled="true" filePath=""/>
<parser enabled="true"/>
</buildOutputProvider>
<scannerInfoProvider id="specsFile">
<runAction arguments="-mpart=${part} -E -P -v -dD ${plugin_state_location}/${specs_file}" command="avr32-linux-gcc" useDefault="true"/>
<parser enabled="true"/>
</scannerInfoProvider>
</profile>
<profile id="com.atmel.avr32.debug.AVR32LinuxManagedMakePerProjectProfileCPP">
<buildOutputProvider>
<openAction enabled="true" filePath=""/>
<parser enabled="true"/>
</buildOutputProvider>
<scannerInfoProvider id="specsFile">
<runAction arguments="-mpart=${part} -E -P -v -dD ${plugin_state_location}/${specs_file}" command="avr32-linux-g++" useDefault="true"/>
<parser enabled="true"/>
</scannerInfoProvider>
</profile>
<profile id="com.atmel.avr32.debug.AVR32StandardMakePerProjectProfileC">
<buildOutputProvider>
<openAction enabled="true" filePath=""/>
<parser enabled="true"/>
</buildOutputProvider>
<scannerInfoProvider id="specsFile">
<runAction arguments="-mpart=${part} -E -P -v -dD ${plugin_state_location}/${specs_file}" command="avr32-gcc" useDefault="true"/>
<parser enabled="true"/>
</scannerInfoProvider>
</profile>
<profile id="com.atmel.avr32.debug.AVR32StandardMakePerProjectProfileCPP">
<buildOutputProvider>
<openAction enabled="true" filePath=""/>
<parser enabled="true"/>
</buildOutputProvider>
<scannerInfoProvider id="specsFile">
<runAction arguments="-mpart=${part} -E -P -v -dD ${plugin_state_location}/${specs_file}" command="avr32-g++" useDefault="true"/>
<parser enabled="true"/>
</scannerInfoProvider>
</profile>
<profile id="com.atmel.avr32.debug.AVR32LinuxStandardMakePerProjectProfileC">
<buildOutputProvider>
<openAction enabled="true" filePath=""/>
<parser enabled="true"/>
</buildOutputProvider>
<scannerInfoProvider id="specsFile">
<runAction arguments="-mpart=${part} -E -P -v -dD ${plugin_state_location}/${specs_file}" command="avr32-linux-gcc" useDefault="true"/>
<parser enabled="true"/>
</scannerInfoProvider>
</profile>
<profile id="com.atmel.avr32.debug.AVR32LinuxStandardMakePerProjectProfileCPP">
<buildOutputProvider>
<openAction enabled="true" filePath=""/>
<parser enabled="true"/>
</buildOutputProvider>
<scannerInfoProvider id="specsFile">
<runAction arguments="-mpart=${part} -E -P -v -dD ${plugin_state_location}/${specs_file}" command="avr32-linux-g++" useDefault="true"/>
<parser enabled="true"/>
</scannerInfoProvider>
</profile>
<profile id="org.eclipse.cdt.make.core.GCCStandardMakePerProjectProfile">
<buildOutputProvider>
<openAction enabled="true" filePath=""/>
<parser enabled="true"/>
</buildOutputProvider>
<scannerInfoProvider id="specsFile">
<runAction arguments="-E -P -v -dD ${plugin_state_location}/${specs_file}" command="gcc" useDefault="true"/>
<parser enabled="true"/>
</scannerInfoProvider>
</profile>
<profile id="org.eclipse.cdt.make.core.GCCStandardMakePerFileProfile">
<buildOutputProvider>
<openAction enabled="true" filePath=""/>
<parser enabled="true"/>
</buildOutputProvider>
<scannerInfoProvider id="makefileGenerator">
<runAction arguments="-f ${project_name}_scd.mk" command="make" useDefault="true"/>
<parser enabled="true"/>
</scannerInfoProvider>
</profile>
<profile id="org.eclipse.cdt.managedbuilder.core.GCCManagedMakePerProjectProfile">
<buildOutputProvider>
<openAction enabled="true" filePath=""/>
<parser enabled="true"/>
</buildOutputProvider>
<scannerInfoProvider id="specsFile">
<runAction arguments="-E -P -v -dD ${plugin_state_location}/${specs_file}" command="gcc" useDefault="true"/>
<parser enabled="true"/>
</scannerInfoProvider>
</profile>
<profile id="org.eclipse.cdt.managedbuilder.core.GCCManagedMakePerProjectProfileCPP">
<buildOutputProvider>
<openAction enabled="true" filePath=""/>
<parser enabled="true"/>
</buildOutputProvider>
<scannerInfoProvider id="specsFile">
<runAction arguments="-E -P -v -dD ${plugin_state_location}/specs.cpp" command="g++" useDefault="true"/>
<parser enabled="true"/>
</scannerInfoProvider>
</profile>
<profile id="org.eclipse.cdt.managedbuilder.core.GCCManagedMakePerProjectProfileC">
<buildOutputProvider>
<openAction enabled="true" filePath=""/>
<parser enabled="true"/>
</buildOutputProvider>
<scannerInfoProvider id="specsFile">
<runAction arguments="-E -P -v -dD ${plugin_state_location}/specs.c" command="gcc" useDefault="true"/>
<parser enabled="true"/>
</scannerInfoProvider>
</profile>
<profile id="org.eclipse.cdt.managedbuilder.core.GCCWinManagedMakePerProjectProfile">
<buildOutputProvider>
<openAction enabled="true" filePath=""/>
<parser enabled="true"/>
</buildOutputProvider>
<scannerInfoProvider id="specsFile">
<runAction arguments="-c 'gcc -E -P -v -dD &quot;${plugin_state_location}/${specs_file}&quot;'" command="sh" useDefault="true"/>
<parser enabled="true"/>
</scannerInfoProvider>
</profile>
<profile id="org.eclipse.cdt.managedbuilder.core.GCCWinManagedMakePerProjectProfileCPP">
<buildOutputProvider>
<openAction enabled="true" filePath=""/>
<parser enabled="true"/>
</buildOutputProvider>
<scannerInfoProvider id="specsFile">
<runAction arguments="-c 'g++ -E -P -v -dD &quot;${plugin_state_location}/specs.cpp&quot;'" command="sh" useDefault="true"/>
<parser enabled="true"/>
</scannerInfoProvider>
</profile>
<profile id="org.eclipse.cdt.managedbuilder.core.GCCWinManagedMakePerProjectProfileC">
<buildOutputProvider>
<openAction enabled="true" filePath=""/>
<parser enabled="true"/>
</buildOutputProvider>
<scannerInfoProvider id="specsFile">
<runAction arguments="-c 'gcc -E -P -v -dD &quot;${plugin_state_location}/specs.c&quot;'" command="sh" useDefault="true"/>
<parser enabled="true"/>
</scannerInfoProvider>
</profile>
</scannerConfigBuildInfo>
</storageModule>
<storageModule moduleId="org.eclipse.cdt.core.externalSettings"/>
<storageModule moduleId="org.eclipse.cdt.core.language.mapping"/>
<storageModule moduleId="org.eclipse.cdt.internal.ui.text.commentOwnerProjectMappings"/>
<storageModule moduleId="org.eclipse.cdt.make.core.buildtargets"/>
</cconfiguration>
</storageModule>
<storageModule moduleId="cdtBuildSystem" version="4.0.0">
<project id="wifi_dnld.avr32.managedbuild.target.gnu.exe_2.0.1.570559459" name="32-bit AVR/GNU Executable" projectType="avr32.managedbuild.target.gnu.exe_2.0.1"/>
</storageModule>
</cproject>
